cumming	11	230
gainesville	10	230
redwood city	5	230
redwood city		231
redwood city
victoria		38
victoria		230
victoria
grass valley	5	230
woodbridge	31	230
woodbridge	48	230
woodbridge		38
woodbridge
el centro	5	230
el centro
melbourne	10	230
melbourne		13
melbourne		14
port huron	23	230
chippewa falls	51	230
hamilton	27	230
hamilton		38
hamilton
south river	31	230
los gatos	5	230
del mar	5	230
saint petersburg	10	230
saint petersburg		181
lake stevens	49	230
lake stevens
mission viejo	5	230
new berlin		230
wildwood	10	230
wildwood	31	230
saskatoon		38
saskatoon
rocklin	5	230
rocklin
lenexa	17	230
redondo beach	5	230
redondo beach
cle elum	49	230
burnaby		38
burnaby
newport beach	5	230
ardmore	37	230
ardmore	39	230
daly city	5	230
daly city
palm springs	5	230
mashpee	22	230
germantown	21	230
germantown	44	230
valley village	5	230
edson		38
edson
edmonds	49	230
edmonds
rancho santa margarita		230
rancho santa margarita
medical lake	49	230
bainbridge island	49	230
bainbridge island
salinas	5	230
saint cloud	24	230
leavenworth	17	230
leavenworth	49	230
beloit		230
cottonwood heights	46	230
cottonwood heights
reno	29	230
sofiq		33
saint paul	24	230
saint paul
staten island	33	230
fairfield	5	230
fairfield	7	230
fairfield	14	230
fairfield	20	230
fairfield		13
brownsburg		230
tarzana	5	230
the dalles	38	230
lethbridge		38
lethbridge
chesterfield	26	230
chesterfield		229
chicago	5	230
chicago	6	230
chicago	14	230
chicago	15	230
chicago	23	230
chicago	39	230
chicago		38
chicago		229
chicago
palm desert	5	230
winfield		38
winfield		230
lomita	5	230
saint charles	26	230
sand city	5	230
tromsø		164
meridian	13	230
meridian	25	230
meridian
sturgeon county		38
sturgeon county
west hollywood	5	230
baden	39	230
boise	5	230
boise	13	230
boise
west bloomfield	23	230
brigham city	46	230
port richey	10	230
alpharetta	11	230
northville	23	230
bronx	31	230
bronx	33	230
bronx		231
corona	5	230
corona	33	230
corona
corte madera	5	230
sykesville	21	230
littleton	6	230
littleton	38	230
littleton
davis	5	230
davis	34	230
davis	49	230
davis
fort mcmurray		38
fort mcmurray
kaysville	46	230
las pinas city		173
lemont	39	230
stuttgart		80
stuttgart		230
stanton	5	230
college park	21	230
college park	39	230
college park		231
nederland	45	230
hollywood	5	230
hollywood	10	230
hollywood	21	230
hollywood
pagosa springs	6	230
pagosa springs
inver grove heights	24	230
auburn	1	230
auburn	5	230
auburn	49	230
auburn		4
lake elsinore	5	230
buckley	49	230
sierra vista	3	230
sidney	28	230
sidney		38
tigard	38	230
federal way	49	230
sheffield		228
sheffield		229
sheffield		230
sheffield
randolph	31	230
randolph	33	230
compton	5	230
steamboat springs	6	230
steamboat springs
union city	5	230
union city	31	230
concord	5	230
concord	22	230
concord	30	230
concord	34	230
concord		38
concord		238
concord
lake forest park	38	230
lake forest park	49	230
lake forest park
seneca	42	230
hermosa beach	5	230
yorba linda	5	230
lawrence	17	230
west allis	51	230
santa rosa	5	230
santa rosa	45	230
santa rosa	49	230
santa rosa		231
santa rosa
gurnee		230
mobile	1	230
julian	39	230
boulder	5	230
boulder	6	230
boulder	11	230
boulder	44	230
boulder		4
boulder
sedro woolley		230
la	5	230
la	51	230
la
grand island	10	230
killeen	45	230
washington dc	9	230
washington dc	21	230
fridley	24	230
minneapolis	24	230
minneapolis
san leandro	5	230
powell	36	230
vienna	6	230
vienna	48	230
vienna		14
vienna
harrisonburg	48	230
fallbrook	5	230
fallbrook
palos verdes estates	5	230
paso robles	5	230
paso robles
lewistown	39	230
porter	15	230
porter	45	230
bowling green	18	230
bowling green	36	230
bowling green
nevada city	5	230
monroe	7	230
monroe	11	230
monroe	15	230
monroe	23	230
monroe	31	230
monroe	49	230
euless	45	230
belleville	23	230
belleville		38
belleville
carrboro	34	230
redding	5	230
redding
ashland	18	230
ashland	36	230
ashland	38	230
ashland	51	230
hutchinson		230
santa clara	5	230
santa clara
branchburg	31	230
pullman	49	230
san ramon	5	230
martinez	5	230
frisco	6	230
frisco	45	230
silver spring	9	230
silver spring	21	230
silver spring
walla walla	49	230
perth		13
san anselmo	5	230
charlotte	34	230
cordova	44	230
fairfax	5	230
fairfax	48	230
cardiff by the sea	5	230
carol stream	14	230
boulder, co (boulder)	6	230
goose creek	42	230
slave lake, alberta		38
wildomar	5	230
porland		230
arlington	3	230
arlington	6	230
arlington	9	230
arlington	22	230
arlington	33	230
arlington	43	230
arlington	45	230
arlington	48	230
arlington	49	230
arlington
winter park	6	230
winter park	10	230
port orchard	49	230
ramsey	24	230
ramsey		229
ramsey
cochrane		38
cochrane
new port richey	10	230
new port richey		17
new port richey
yukon	37	230
mechanicsville	21	230
monterey park	5	230
bay city		227
bay city		230
albuquerque	32	230
albuquerque
auckland		157
plymouth	24	230
plymouth		229
concho	3	230
alhambra	5	230
glendora	5	230
shawnee	37	230
new brighton	24	230
red deer	1	230
red deer		38
red deer
california	5	230
california		231
kingston	33	230
kingston	39	230
kingston		38
kingston		229
kingston
raleigh	34	230
raleigh
sylvan lake		38
sylvan lake		230
sylvan lake
port saint lucie		230
blaine	24	230
blaine	49	230
blaine		6
blaine
san jose	5	230
san jose	6	230
san jose	45	230
san jose		1
san jose		52
san jose		225
san jose
corpus christi	45	230
santa clarita	5	230
wien		14
redcliff		38
simpsonville	42	230
rancho palos verdes	5	230
norfolk	48	230
west lafayette	15	230
west covina	5	230
vernon bc		38
vashon	49	230
healdsburg	5	230
lethbridge alberta		38
gig harbor	49	230
university place	49	230
venice	5	230
venice	10	230
venice
pebble beach	5	230
holly springs	34	230
san fransisco	5	230
adelphi	21	230
spokane valley	49	230
brantford		38
edina	24	230
london	2	230
london	5	38
london		2
london		38
london		58
london		229
london
milton	8	230
milton	11	230
milton	22	230
milton	49	230
milton		38
felton	5	230
alamo	5	230
ardrossan		38
ardrossan
tracy	5	230
tracy
sanger	5	38
sanger	5	230
millsboro	8	230
alameda	5	230
alameda
montebello	5	230
aventura	10	230
milton keynes		229
milton keynes
poway	5	230
poway
hillsboro	38	230
medicine hat		38
medicine hat
valley stream	33	230
bluffton	42	230
laguna beach	5	230
roseville	5	230
roseville	6	230
roseville	24	230
roseville		231
roseville
otis orchards	49	230
rochester	24	230
rochester	33	230
anaheim	5	230
anaheim		4
providence	41	230
san rafael	5	230
san rafael		1
san rafael
squamish		38
squamish
lakeland	10	230
lakeland
manteca	5	230
cashmere	49	230
cashmere		157
roseburg	6	230
roseburg	38	230
pleasant grove	46	230
monterey	5	230
castaic	5	230
iowa city	16	230
iowa city
kingman		38
kingman		230
austin	6	230
austin	29	230
austin	45	230
austin
bow		38
bow		230
clifton	6	230
clifton	31	230
clifton	48	230
mechanicsburg	39	230
port coquitlam		38
port coquitlam
mt. vernon		230
fernie		38
state college	5	230
state college	39	230
state college	39
state college
mason		230
laramie	52	230
hugo		230
south burlington	47	230
salida	6	230
sedona		230
ridgewood	33	230
post falls	13	230
oak ridge	31	230
marina del rey	5	230
sheridan	6	230
sheridan	52	230
kitchener		38
kitchener
montreal		38
montreal
taber		38
kirkwood	5	230
kirkwood	26	230
vancouver	13	230
vancouver	38	230
vancouver	49	230
vancouver		38
vancouver		39
vancouver
huntington beach	5	230
huntington beach
elk grove village	14	230
st paul	24	230
st paul		38
st paul
american fork	46	230
yelm	49	230
rolling hills estates		230
hermitage	39	230
hermitage	44	230
pewaukee	51	230
newcastle	49	230
newcastle		38
newcastle		104
winston salem	34	230
alpine	5	230
alpine	46	230
waukesha	51	230
pueblo west		230
peterborough		38
peterborough		229
peterborough		230
stratford	7	230
stratford		38
stratford
coupeville	49	230
derwood		230
box elder	43	230
washington, d.c.	9	230
marlton	31	230
tomball		230
moraga	5	230
wisconsin rapids		230
vacaville	5	230
vacaville
la grande	38	230
sydney		13
sydney		14
hillsborough	5	230
hillsborough	31	230
hillsborough	34	230
camrose		38
camrose
mukwonago		230
prescott valley	3	230
richland	38	230
richland	49	230
flushing	23	230
flushing	33	230
wellsboro	39	230
mill valley	5	230
mill valley	6	230
crescent city	5	230
grand rapids	23	230
grand rapids
sandpoint	13	230
snohomish	49	230
snohomish
edmonton, ab		38
glenwood springs	6	230
mccall	13	230
ipswich		13
ipswich		229
ipswich		230
ipswich
great falls	27	230
independence	17	80
independence	17	230
independence	26	230
independence	36	230
independence	38	230
independence
holland	23	230
holland	33	230
holland	39	230
wenatchee	49	230
wadsworth	36	230
sweet home	38	230
grande prairie		38
grande prairie
kimberley		38
new bern	34	230
mccleary	49	230
kirkland	6	230
kirkland	14	230
kirkland	49	230
kirkland
columbus	11	230
columbus	15	230
columbus	27	230
columbus	36	230
columbus
spring valley	5	230
bangalore		100
bangalore		230
tacoma	6	230
tacoma	12	230
tacoma	49	230
tacoma
shakopee	24	230
spanaway	49	230
spanaway	50	230
cedar rapids	16	230
sarasota	6	230
sarasota	10	225
sarasota	10	230
sarasota
robbinsdale	24	230
winter garden	10	230
yuba city	5	230
san pablo	5	230
flagstaff	3	230
flagstaff	33	230
belgrade		193
belgrade		230
edmonton ab, canada		38
cheektowaga	33	230
campbell	5	230
moses lake	49	230
tujunga	5	230
philadelphia	39	230
philadelphia	44	230
philadelphia
highland park	14	230
university park	21	230
university park	39	230
university park
ojai	5	230
orlando	10	230
orlando		66
saint	24	230
saint	26	230
wethersfield	7	230
woodinville	49	230
woodinville		229
woodinville
den haag		154
den haag
oslo		164
oslo
elizabethtown		230
sausalito	5	230
wayne		230
rocky mountain house		38
rocky mountain house
napa	5	230
steinbach		38
jamestown	33	230
jamestown	34	230
jamestown	35	230
aurora	6	230
aurora	14	230
aurora	15	230
aurora	36	230
aurora		38
aurora		231
aurora		238
aurora
woodstock		38
woodstock		230
woodstock
nokomis	10	230
nokomis		238
horsham	39	230
horsham		229
enoch		38
coon rapids	24	230
portland	3	230
portland	5	230
portland	6	230
portland	20	230
portland	27	230
portland	38	230
portland	46	230
portland		107
portland		229
portland
corona del mar		230
midvale	46	230
lake worth	10	230
kensington	5	230
kensington	21	230
kuna	13	230
san ysidro	5	230
bethesda	21	230
bethesda	39	230
bethesda
san tan valley	3	230
prescott	3	230
cathedral city	5	230
sunbury	36	230
sunbury	39	230
chevy chase	9	230
chevy chase	21	230
broomfield	6	230
thornton	6	230
thornton
saint johns	10	230
encinitas	5	230
encinitas	6	230
encinitas
manassas	48	230
oro valley	3	230
pacific palisades	5	230
manhattan	5	230
manhattan	17	230
manhattan	33	230
seal beach	5	230
seal beach
midway	46	230
golden	6	230
golden	6
golden	13	230
golden		38
golden
coaldale		38
coaldale
rancho cordova	5	230
paris	45	230
paris		38
paris		73
paris
buena park	5	230
diamond city		38
lake havasu city	3	230
lisle		230
irving	45	230
el segundo	5	230
leduc county		38
leduc county
citrus heights	5	230
lawton	37	230
hanford	5	230
geyserville	5	230
jackson heights	33	230
east windsor	31	230
sherwood park		38
sherwood park
fort saskatchewan		38
fort saskatchewan
rio vista		230
ferndale	23	230
ferndale	49	230
mission hills	5	230
rosenberg	45	230
carson	5	230
carson	49	230
jeffersonville	47	230
redmond	38	230
redmond	49	230
redmond		1
redmond		4
redmond
deer park	49	230
fox creek		38
marblehead		230
menlo park	5	230
menlo park	6	230
downey	5	230
oregon city	38	230
milwaukie	38	230
milwaukie
niagara falls		38
niagara falls		230
clarksville	15	230
santa cruz	5	230
santa cruz	38	230
fort mill		230
fort mill
willoughby		230
columbia heights	24	230
trenton	31	230
wells		38
wells		230
grand junction	6	230
grand junction
grand forks	35	230
grand forks		38
north little rock	4	230
calgary	2	230
calgary		1
calgary		13
calgary		33
calgary		36
calgary		38
calgary		39
calgary
greenwood village	6	230
greenwood village		235
spokane	49	230
spokane		229
spokane
parksville		38
parksville
haslett		230
warsaw	15	230
warsaw		38
warsaw		175
welland		38
lamont		38
patterson		230
patterson
skokie	14	230
freehold	31	230
san diego	5	230
san diego	6	230
san diego	22	230
san diego	42	230
san diego	49	230
san diego		1
san diego		229
san diego
seattle	1	230
seattle	6	230
seattle	16	230
seattle	38	230
seattle	48	230
seattle	49	230
seattle	50	230
seattle		4
seattle		229
seattle		231
seattle
mountain home	4	230
mountain home	13	230
groveland		230
groveland
oak view		230
marana	3	230
ewing	31	230
hastings	23	230
hastings	24	230
fountain	6	230
orland park	14	230
newport news	48	230
riverside	5	230
riverside	14	230
bridgewater		38
bridgewater		230
rapid city	6	230
rapid city	43	230
kailua	12	230
russellville	4	230
russellville	18	230
spruce grove, ab		38
bradenton	10	230
bradenton
sechelt		38
sechelt
lacombe		38
lacombe		230
lacombe
edmonton	18	230
edmonton	49	230
edmonton		2
edmonton		36
edmonton		37
edmonton		38
edmonton		39
edmonton		44
edmonton		228
edmonton		229
edmonton
champaign	14	230
springfield	14	230
springfield	22	230
springfield	26	230
springfield	33	230
springfield	38	230
springfield	39	230
springfield	48	230
springfield		231
springfield
courtice		38
playa del rey	5	230
los angeles	5	132
los angeles	5	230
los angeles	38	230
los angeles		30
los angeles		166
los angeles		231
los angeles
loveland	6	230
dana point	5	230
lacrosse	51	230
nampa	13	230
point pleasant		230
willow springs	14	230
hooper	46	230
hood river	38	230
hood river	49	230
hood river
rossville		230
delta	6	230
delta		38
san clemente	5	230
san clemente
boston	22	230
boston		4
boston
quakertown	39	230
richardson	45	230
indianapolis	15	230
indianapolis
claremore	37	230
foothill ranch		230
lynchburg	48	230
edmonton alberta		38
edmonton alberta
dixon	5	230
waco	45	230
new smyrna beach	10	230
sunland	5	230
hummelstown	39	230
timnath	6	230
kennewick	49	230
kennewick
prineville	38	230
montrose	6	230
montrose		231
santa maria	5	230
kelowna		38
kelowna		39
kelowna		230
kelowna
wyoming	23	230
wyoming	36	230
st louis park	24	230
agoura hills	5	230
sioux falls	43	230
detroit	23	230
canada		38
canada		230
saint louis	26	230
woodland	5	230
woodland
lubbock	45	230
murfreesboro	44	230
ed		38
ed
westport	7	230
westport	49	230
westport		38
canton	14	230
canton	23	230
canton	33	230
canton	34	230
canton	36	230
canton	39	230
canton	45	230
renton	49	230
renton
coquitlam		37
coquitlam		38
coquitlam
verdun		38
folsom	5	230
folsom	39	230
marfa		230
inglewood	5	230
gaithersburg	6	230
gaithersburg	21	230
lincoln	5	230
lincoln	28	230
lincoln	30	230
lincoln	41	230
lincoln		229
lincoln
alberta		38
alberta
medford	5	230
medford	22	230
medford	31	230
medford	38	230
medford
apollo beach	10	230
melrose	22	230
shaker heights	36	230
snoqualmie	38	230
snoqualmie	49	230
galveston	45	230
gansevoort	33	230
fayetteville	4	230
fayetteville	11	230
fayetteville	34	230
fayetteville	39	230
fayetteville
fort myers	10	230
hot springs	34	230
mcminnville	38	230
mcminnville
key west		230
elgin	14	230
elgin		229
trabuco canyon	5	230
la center	49	230
downingtown	39	230
bailey	6	230
millet		38
forest lake	24	230
los osos	5	230
houston	5	230
houston	45	230
houston
toronto	36	230
toronto		38
toronto
apache junction	3	230
apache junction		1
apache junction
stevens point	51	230
lynden	49	230
lynden		38
lynden		238
apple valley	5	230
apple valley	24	230
aliso viejo	5	230
overland park	5	230
overland park	17	230
navarre	10	230
valdosta		230
crested butte	6	230
des plaines	14	230
unit a	5	230
unit a	14	230
chanhassen	24	230
east lansing	23	230
jessup	21	230
delray beach	10	230
scarborough	20	230
scarborough		13
scarborough		38
scarborough
largo	10	230
largo
bath		38
bath		229
bath		230
dc		230
naperville	14	230
new braunfels	45	230
clinton	7	230
clinton	26	230
clinton	39	230
clinton	46	230
clinton	49	230
kamloops bc		38
st. albert		38
st. albert
fountain hills	3	230
belvedere tiburon	5	230
jersey city	31	230
oshkosh	51	230
silver springs	10	230
rancho cucamonga	5	230
rancho cucamonga
worthington	36	230
worthington	39	230
corvallis	27	230
corvallis	38	230
corvallis
yonkers	33	230
tequesta		230
ramona	5	230
rockport	45	230
rockport	49	230
clackamas	38	230
fernandina beach	10	230
greenfield	51	230
greenfield		229
newhall	5	230
fenton	26	230
drayton valley		38
drayton valley
farmington hills		230
klamath falls	38	230
san pedro	5	230
maple grove	24	230
yucca valley	5	230
fife	49	230
fife
thousand oaks	5	230
thousand oaks		231
kansas city	19	230
kansas city	26	230
kansas city		224
hayden		230
rancho mission viejo		230
la jolla	5	230
covina	5	230
covina
bloomington	14	230
bloomington	15	230
bloomington	24	230
bloomington
tempe	3	1
tempe	3	230
tempe
medicine hat alberta		38
yakima	49	230
escondido	5	230
coralville	16	230
salina	17	230
san francisco	5	189
san francisco	5	230
san francisco	6	230
san francisco	45	230
san francisco		1
san francisco		116
san francisco		229
san francisco		231
san francisco
north charleston	42	230
gresham	38	230
gresham
lexington	18	230
lexington	22	230
lexington	24	230
lexington	36	230
lexington	42	230
lexington	44	230
lexington	48	230
new palestine		230
severna park	21	230
parkville	26	230
parkville		13
eastvale	5	230
eastvale	6	230
lakeport	5	230
lakeport	23	230
anderson	5	230
anderson	15	230
sierra madre	5	230
franklin	15	230
franklin	36	230
franklin	44	230
franklin	51	230
allison park	39	230
culver	5	230
fair oaks	5	230
colfax	5	230
colfax	49	230
colfax	51	230
red deer county		38
red deer county
penn st univ	39	230
fort worth	45	230
puyallup	49	230
bentley		38
sylvania		230
sherman oaks	5	230
north fort myers	10	230
billings	27	230
winnipeg,manitoba		38
panama city	10	230
panama city	11	230
ivins		230
pleasant hill	5	230
cambridge	22	230
cambridge	51	230
cambridge		38
cambridge		229
cambridge
las vegas	26	230
las vegas	28	230
las vegas	29	230
las vegas	39	230
las vegas
ann arbor	23	230
west jordan	46	230
west jordan
bellbrook	36	230
grand prairie		38
grand prairie		230
daytona beach	10	230
gardena	5	230
gardena
aberdeen	21	230
aberdeen	34	230
aberdeen	49	230
aberdeen		229
bemidji		230
des moines	6	230
des moines	16	230
des moines	49	230
foster city	5	230
pleasanton	5	230
greensboro	34	230
bellingham	49	230
bellingham
miami beach	10	230
marshall	14	230
marshall	23	230
union		230
stettler		38
salem	22	230
salem	38	230
salem	51	230
salem		4
salem
inverness	10	230
inverness	14	230
winter haven	10	230
chino hills	5	230
chino hills
burbank	5	230
burbank
fort sask		38
fort sask
penn valley	5	230
penn valley	39	230
west monroe	19	230
carmel	6	230
carmel	15	230
carmel
katy	45	230
nashville	44	230
carson city	29	230
carson city
whitehall	39	230
monticello		230
seatte	49	230
langdon	35	230
langdon		38
corrales		230
barrington	30	230
longwood		230
longwood
saugus	5	230
south lyon		230
charleston	14	230
charleston	42	230
charleston	50	230
chico	5	230
port alberni		38
port alberni
tampa	10	230
greencastle	39	230
laurel	21	230
laurel	27	230
bangkok thailand		215
burien	49	230
burien
seminole	10	230
jasper	15	230
jasper		38
nelsonville	36	230
elkton	10	230
elkton	43	230
port townsend	49	230
west valley	46	230
chesapeake	48	230
long beach	5	230
long beach	25	230
long beach	33	230
long beach		8
long beach		238
long beach
avondale	3	230
revere	22	230
kaneohe	12	230
mountain view	5	230
mountain view		235
mountain view
oak lawn	14	230
barrie		38
barrie		230
san marcos	5	230
san marcos	45	230
san marcos
phoenix	3	230
phoenix	4	230
phoenix		229
phoenix
north las vegas	29	230
lindon	46	230
valrico		230
deland	10	230
dupont		230
warren	23	230
warren	36	230
warren	38	230
warren	47	230
east wenatchee	49	230
san angelo	45	230
cedar city	46	230
cedar city
bangor	20	230
bangor		229
savage	24	230
shoreline	49	230
shoreline
tallahassee	10	230
ketchum	13	230
murrieta	5	230
green bay	51	230
sutherlin	38	230
guadalajara		141
guadalajara		230
bothell	6	230
bothell	38	230
bothell	49	230
bothell
centreville	21	230
centreville	48	230
anthem	3	230
brookings	43	230
fontana	5	230
flint		230
lake oswego	38	230
doral	10	230
doral		77
hollister	5	230
hollister
new york	33	230
new york		229
new york		231
new york
calgary alberta		38
calgary alberta
greenbrae	5	230
greenbrae
keizer	38	230
sunnyside	33	230
parkland county		38
san josé	5	230
san josé		1
san josé		52
pemberton		38
pemberton		230
pemberton
manheim	39	230
mankato	24	230
macon	11	230
porto		176
porto
murray	46	230
pleasant view	46	230
brevard	34	230
hanover	30	230
hanover	39	230
hanover		38
eastsound	49	230
zionsville	15	230
easthampton	22	230
bluffdale	46	230
fishers	15	230
richfield	24	230
richfield	36	230
santa	5	230
tulare	5	230
tulare		1
lewiston	20	230
lewiston	33	230
northampton	22	230
northampton	39	230
northampton		229
altoona	39	230
altoona	51	230
middleton	13	230
middleton	51	230
south pasadena	5	230
cheltenham		229
cheltenham		230
bakersfield	5	230
canyon country		230
vegreville		38
vegreville
livermore	5	230
livermore		11
livermore		238
livermore
west orange	31	230
rochester hills	23	230
mahwah	31	230
tomah		230
newport	30	230
newport	38	230
newport	41	230
irvine	5	230
irvine
stevenson ranch		230
elmhurst	14	230
elmhurst	33	230
chantilly	48	230
belmont	5	230
belmont	22	230
belmont	30	230
belmont
downers grove	14	230
downers grove
bartlesville	37	230
ankeny	16	230
pinellas park	10	230
reston	48	230
reston
centennial	6	230
centennial
castle rock	6	230
castle rock
oxon hill		230
porter ranch	5	230
crystal	24	230
evanston	14	230
superior	6	230
superior
pittsburgh	6	230
pittsburgh	39	230
pittsburgh
south portland	20	230
santa monica	5	230
santa monica
west des moines	16	230
stamford	7	230
stamford		229
winnipeg		38
winnipeg		230
winnipeg
dieppe		38
marion	14	230
marion	34	230
marion	36	230
marion		229
bozeman	27	230
bozeman
the woodlands	45	230
marshfield	51	230
columbia	21	230
columbia	26	230
columbia	39	230
columbia	42	230
columbia	44	230
columbia
leesburg	10	230
leesburg	48	230
griffin	11	230
naramata		38
webster	33	230
webster	45	230
redwater		38
wayland		230
lake balboa	5	230
lodi	5	230
new york city	6	230
new york city	33	230
sacramento	5	230
sacramento	6	230
sacramento		229
sacramento
toms river		230
quebec		38
quebec
buffalo	33	230
buffalo
cranbrook		38
cranbrook
forked river	31	230
riverview	10	230
riverview
van nuys	5	230
van nuys		229
treasure island		230
lisbon		176
lisbon		230
ellicott city	21	230
macungie	39	230
scottsdale	3	230
scottsdale
n/a	5	230
n/a		38
n/a		236
haines city	10	230
chula vista	5	230
chula vista
el monte	5	230
chagrin falls	36	230
goldsboro	34	230
beaumont	5	38
beaumont	5	230
beaumont		38
beaumont
san jacinto	5	230
frankfort	14	230
goshen	15	230
aptos	5	230
underwood		230
imperial	26	230
oneonta		230
el dorado hills	5	230
spearfish	43	230
somerville	22	230
somerville
lansing	23	230
south milwaukee	51	230
south milwaukee
candler	34	230
fort macleod		38
sonoma	5	230
tehachapi	5	230
sequim	49	230
sequim
saint albert		38
lethbridge, ab		38
edmonton ab		38
fort smith	4	230
fort smith		38
muskegon	23	230
phoenixville	39	230
turner valley		38
smyrna		230
bartlett	14	230
tulalip	49	230
quincy	14	230
quincy	22	230
ukiah	5	230
ukiah		11
spokane wa	49	230
spokane wa		4
morro bay	5	230
langley	49	230
langley		38
west los angeles	5	230
west los angeles		231
massapequa	33	230
muskego		230
moscow	13	230
moscow		181
worcester	22	230
worcester		229
west linn	38	230
castro valley	5	230
merced	5	230
cary	34	230
cary
leominster	22	230
millbrae	5	230
wake forest	34	230
palo alto	5	230
palo alto	34	230
palo alto	38	230
palo alto		228
galt	5	230
carlsbad	5	230
carlsbad	32	230
carlsbad
colorado springs	6	230
colorado springs	39	230
colorado springs
paradise		230
neptune beach	10	230
jericho	33	230
sault ste marie		38
menifee	5	230
north chesterfield	48	230
ny	33	230
charlottesville	48	230
huntersville		230
sugar land	45	230
bellflower	5	230
st. paul	17	230
st. paul	24	230
st. paul		38
guelph		38
guelph
castlegar		38
the villages	10	230
kingwood	45	230
st albert, ab.		38
redwood meadows		38
highlands ranch	6	230
highlands ranch
grants pass	38	230
deltona		230
indian trail		230
port angeles	49	230
mcallen	45	230
glen burnie		230
el sobrante	5	230
anchorage	2	230
anchorage
tinley park		230
oakland	5	230
oakland	21	230
oakland
herndon	9	230
herndon	48	230
salt lake	46	230
salt lake		1
surrey		38
surrey		229
surrey		230
surrey
branson	26	230
pacoima		230
salt lake city	7	230
salt lake city	21	230
salt lake city	34	230
salt lake city	46	230
salt lake city		231
salt lake city
walnut creek	5	230
walnut creek
farmington	23	230
farmington	29	230
farmington	32	230
farmington	46	230
catonsville	21	230
parker	6	230
plant city	10	230
mukilteo	49	230
racine	51	230
dothan	1	230
mississauga		38
mississauga
loudon		230
ocean city	21	230
ocean city	31	230
st albert		38
st albert		39
st albert
carnation		230
burke	48	230
ithaca	33	230
ithaca
yardley	39	230
eagle mountain	46	230
lusby		230
memphis	44	230
memphis
delft		154
bonita	5	230
petaluma	5	230
west haven		230
hinton		38
hinton
lethbidge		38
lethbidge
chehalis		230
st petersburg	10	230
st petersburg		231
garner	34	230
spring lake		38
spring lake		230
spring lake
wood dale		230
bellevue	6	230
bellevue	28	230
bellevue	49	230
bellevue		38
bellevue
ghent		21
ghent		230
moore	37	230
loma linda	5	230
north hollywood	5	230
north hollywood
edmond	37	230
lake forest	5	230
lake forest	14	230
goodyear	3	230
stavanger		164
stavanger
ceres	5	230
chilliwack		38
chilliwack
santa ana	5	230
santa ana
janesville	51	230
janesville
altadena	5	230
portland or		230
holliston	22	230
windermere	10	230
windermere		38
foothills		38
foothills
fort collins	5	230
fort collins	6	230
fort collins
san fernando		220
san fernando		230
river falls		230
kananaskis		38
nepean		38
merritt island	10	230
wakefield	22	230
wakefield	41	230
wakefield		38
wakefield		157
wakefield		229
mentor		230
mequon		230
helena	27	230
york	33	230
york	39	230
york		38
york		229
hemet	5	230
washington terrace	46	230
whitby		38
whitby
cold lake		38
cold lake
ontario	5	230
ontario		38
ontario
warrenton		230
san antonio	6	230
san antonio	45	230
san antonio		4
san antonio
airdrie		38
airdrie
strathmore	5	230
strathmore		38
new orleans	6	230
new orleans	10	230
new orleans	18	230
new orleans	19	230
new orleans	19	231
new orleans	20	230
new orleans	44	230
new orleans	48	230
new orleans
west kelowna		38
camarillo	5	230
camarillo
la habra	5	230
torrance	5	230
torrance
garland	45	230
tahoe city		230
millcreek	46	230
collingwood, ontario		38
north tonawanda	33	230
kihei	12	230
honolulu	12	230
imperial beach	5	230
imperial beach
myrtle beach	6	230
myrtle beach	42	230
myrtle beach
fort lauderdale	10	230
fort lauderdale		6
eureka	5	230
borrego springs		230
montgomery	14	230
montgomery	39	230
woodland park	6	230
brentwood	5	230
brentwood		38
brentwood		229
calgary ab		38
calgary ab
laytonsville	21	230
mahtomedi	24	230
mooresville		230
american canyon	5	230
pasco	49	230
white salmon	49	230
fraser	23	230
lake geneva		230
waxhaw	34	230
marina	5	230
marina
black diamond	49	230
black diamond		38
powell butte	38	230
st.paul	24	230
st.paul		38
olathe	17	230
west sacramento	5	230
west sacramento
penticton		38
penticton
the colony		230
desert hot springs	5	230
bremerton	49	230
bremerton
milano		107
matthews	34	230
maplewood	24	230
maplewood	26	230
thunder bay		38
sturgeon		38
saco	20	230
golden valley	24	230
princeton	31	230
greeley	6	230
greeley
eagle	6	230
eagle	13	230
eagle	38	230
stow	36	230
newbury park	5	230
sun city	3	230
clearwater	10	230
clearwater	17	230
clearwater
spring	45	230
toledo	36	230
nelson		38
nelson		157
dexter		230
taguig		173
powell river		38
powell river
encino	5	230
dassel		230
fullerton	5	230
fullerton
pittsburg	5	230
lindenhurst		230
oshawa		38
oshawa		111
oshawa
santa barbara	5	230
santa barbara	6	230
santa barbara		229
santa barbara
aldie		230
boardman	36	230
boardman	38	230
maple valley	49	230
munster	15	230
roanoke	45	230
roanoke	48	230
roanoke
sale		13
sale		229
moab	46	230
stanwood	38	230
stanwood	49	230
emmett		230
moline	14	230
atlantic beach	10	230
atlantic beach	33	230
winston-salem		230
cypress	5	230
cypress	45	230
cypress
liberty lake	49	230
jakarta		3
jakarta		5
jakarta		101
williamsville	33	230
south salt lake city	46	230
valencia	5	230
valencia		203
novato	5	230
amsterdam	30	154
amsterdam	30	230
amsterdam		154
amsterdam		155
amsterdam
bismarck	35	230
biddeford		230
eugene	38	230
eugene
clinton township	23	230
palm harbor	10	230
moreno valley	5	230
daphne	1	230
north battleford		38
north battleford
keswick	48	230
keswick		229
maple ridge		38
maple ridge
los angels	5	230
rohnert park	5	230
rohnert park		231
rohnert park
panorama city	5	230
fort lee	31	230
berkeley	5	230
berkeley
adelaide		13
decatur	1	230
decatur	6	230
decatur	11	230
decatur	14	230
decatur		229
woodland hills	5	230
jacksonville beach	10	230
winooski	47	230
bang khanak		215
south ogden	46	230
manchester	7	230
manchester	30	230
manchester		229
manchester
upland	5	230
upland	15	230
gilroy	5	230
everett	22	230
everett	49	230
everett		229
everett
new albany		230
nanaimo		38
nanaimo
ridgecrest	5	230
la verne	5	230
green cove springs	10	230
athabasca		38
beaverton	6	230
beaverton	38	230
munich		80
munich		230
olivette	26	230
lake city	24	230
lake city	49	230
calgary, alberta		38
calgary, alberta
cleveland	11	230
cleveland	36	230
cleveland	44	230
cleveland		154
cleveland
henderson	29	230
henderson
st. petersburg	10	230
summerville	42	230
fernley	29	230
fernley
brainerd		230
new castle	8	230
new castle	15	230
carpinteria	5	230
fort erie		38
fort erie
bonney lake	49	230
fountain valley	5	230
studio city	5	230
dover	30	230
dover
everson		230
milford	7	230
milford	8	230
milford	15	230
milford	39	230
milford		38
oklahoma city	6	230
oklahoma city	37	230
caledonia		38
caledonia		230
waltham	22	230
arnhem		154
rio rancho	32	230
coeur dalene		230
qualicum beach		38
chandler	3	230
chandler
canoga park	5	230
hudson	10	230
hudson	22	230
hudson	51	230
south saint paul	24	230
courtenay	38	230
courtenay		38
courtenay
west valley city	46	230
temple city		230
halifax		38
halifax		229
halifax		230
halifax
washougal	49	230
washougal
graham	49	230
graham		231
canmore, alberta		38
rockville	21	230
nutley		230
harrisburg	14	230
harrisburg	34	230
harrisburg	39	230
rye		230
yarrow point		230
ocean shores	49	230
signal hill	5	230
elk grove	5	230
elk grove
toronto, ontario		38
porterville	5	230
biloxi	25	230
arvada	6	230
arvada
whittier	5	230
whittier
glenwood		13
glenwood		230
kissimmee	10	230
warwick	41	230
warwick		38
warwick		229
pacifica	5	230
dartmouth		38
dartmouth		230
dartmouth
westford	22	230
malibu	5	230
coeur d alene	13	230
buda	45	230
beacon	33	230
ogden	46	230
ogden
middleburg		230
tucson	3	224
tucson	3	230
tucson		212
tucson		229
tucson
southport	7	230
southport		13
moorhead		230
fresh meadows	33	230
sterling	6	230
sterling	23	230
sterling	33	230
sterling	48	230
mcfarland		230
land o lakes	10	230
san bernardino	5	230
portland oregon	38	230
portland oregon
syracuse	33	230
syracuse	46	230
merrimack		230
pearl river	33	230
high river		38
mckinney	45	230
battle creek		230
fremont	5	230
fremont	28	230
norwalk	5	230
norwalk	7	230
plainview	33	230
muscatine	16	230
kalamazoo	23	230
pismo beach	5	230
hanwell		38
pomona	5	230
altamonte springs	10	230
la puente	5	230
rexburg		230
commerce city	6	230
washington	9	230
washington	15	230
washington	21	230
washington	39	230
washington	46	230
washington	49	230
washington		1
washington		229
washington
east amherst	33	230
vaughn		230
buffalo grove	14	230
santa fe	32	230
santa fe
nyc	33	230
nyc		2
nyc
happy valley	38	230
surf city		230
houma	19	230
houma		173
orem	46	230
twentynine palms	5	230
east elmhurst	33	230
huntington park	5	230
south salt lake	46	230
la grange		230
orangevale	5	230
denver	6	230
denver	7	230
denver		231
denver		238
denver
montréal		38
baton rouge	19	230
oxford	25	230
oxford	36	230
oxford		229
oxford
vermilion		38
vermilion		230
verona	39	230
verona	51	230
verona		107
verona
shrewsbury	39	230
shrewsbury		229
saint george	46	230
lynnwood	49	230
lynnwood
rialto		230
lakeside	5	230
lakeside	38	230
lockport	14	230
asheville	34	230
asheville	35	230
asheville
nottingham	39	230
nottingham		229
beavercreek		230
wichita	17	230
parma		230
appleton	51	230
appleton
hayward	5	230
hayward	51	230
manhattan beach	5	230
manhattan beach
parkland	10	230
parkland	49	230
parkland		38
college station	45	230
college station
bethlehem	39	230
st. louis park	24	230
st. louis park
sunny isles beach	10	230
san bruno	5	230
wexford	39	230
kamloops		38
kamloops
medicine hat, alberta		38
mount rainier	21	230
benbrook	45	230
woodburn	38	230
woodburn
silverdale	49	230
the hague		154
beaver dam		230
costa mesa	5	230
costa mesa
santee	5	230
santee	6	230
oak creek	51	230
hendersonville	34	230
anacortes	49	230
oldsmar		230
capitola	5	230
westminister	6	230
pueblo	6	230
pueblo
bremen		80
bremen		230
visalia	5	230
apopka		230
pico rivera		230
st. louis	24	230
st. louis	26	230
winchester	5	230
winchester	22	230
winchester		38
winchester		229
winchester
st.albert		38
lemon grove	5	230
provincetown	22	230
bay point	5	230
edmonotn		38
new haven	7	230
bolingbrook	14	230
lindsay		38
lindsay		230
lindsay
gloucester		38
gloucester		229
gloucester		230
puebla		141
waterloo	5	38
waterloo	14	230
waterloo	16	230
waterloo	51	230
waterloo		21
waterloo		38
waterloo
sherwood park ab		38
wauchula		230
alliance	28	230
palm coast	10	230
butler	39	230
greensburg	39	230
dallas	5	230
dallas	6	230
dallas	38	230
dallas	45	230
dallas
kenosha	51	230
port washington		230
buckeye	3	230
south lake tahoe	5	230
stony plain		38
stony plain
somerset	39	230
roswell	11	230
sumner	49	230
duncan		38
duncan		230
hawthorne	5	230
metairie	19	230
green valley	3	230
green valley
traverse city	23	230
peyton	6	230
mill creek	49	230
potomac	21	230
potomac	39	230
maple falls	49	230
brookfield	7	230
brookfield	14	230
brookfield	47	230
brookfield	51	230
knoxville	21	230
knoxville	44	230
knoxville		231
boynton beach	10	230
christiansburg	48	230
hickory		230
evergreen	6	230
jacksonville	10	230
jacksonville	14	230
jacksonville	38	230
warminster	39	230
florida		230
san lorenzo	5	230
amarillo	45	230
clovis	5	230
sunnyvale	5	230
sunnyvale		229
sunnyvale
montclair	5	230
montclair	31	230
national city	5	230
portage	15	230
portage	23	230
tarpon springs	10	230
didsbury		38
north salt lake	46	230
fort bragg		230
olympia	38	230
olympia	49	230
olympia
templeton	5	230
manhattan bch	5	230
port st lucie		230
oviedo	10	230
troutdale	38	230
hilversum		154
hilversum
naples	6	230
naples	10	230
naples	20	230
osoyoos		38
virginia beach	48	230
virginia beach
la mesa	5	230
castle pines	6	230
washington d.c.	9	230
camden	31	230
camden	42	230
sandy springs	11	230
sarnia		38
sarnia
telford	39	230
telford		229
longview	45	230
longview	49	230
longview		38
laguna hills	5	230
junction city	38	230
lyons	6	230
yucaipa	5	230
lake jackson	45	230
claremont	5	230
pompano beach	10	230
jupiter	10	230
viroqua		230
star	13	230
valley center	5	230
bonnyville		38
penhold		38
colville	49	230
essen		80
ponoka		38
centerville	46	230
boulder city	6	230
boulder city	29	230
davenport	5	230
davenport	10	230
davenport	16	230
davenport	49	230
amery		230
missouri city	45	230
saginaw	23	230
pearland	45	230
stockholm		209
stockholm
lagrange park		230
marina delrey		230
la canada		230
cedar park	45	230
edmonton, alberta		38
edmonton, alberta		230
edmonton, alberta
san carlos	5	230
conshohocken	39	230
port ludlow		230
lakeville	24	230
north potomac	21	230
suffolk	48	230
alexandria	6	230
alexandria	24	230
alexandria	39	230
alexandria	48	230
alexandria		13
alexandria
wheaton	14	230
fleming island	10	230
holmen	51	230
raymond		38
raymond		230
windsor	5	230
windsor	6	230
windsor	7	230
windsor		13
windsor		38
windsor		229
hampton	48	230
oconomowoc		230
evansville	15	230
brunswick	20	230
brunswick	22	230
brunswick	36	230
brunswick		13
bend	38	230
bend		229
bend		231
bend
san deigo	5	230
dade city	10	230
dade city
weatherford	45	230
ridgefield	49	230
johnson city	44	230
jamaica plain	22	230
san juan capistrano	5	230
vero beach		230
nehalem		230
rosemead	5	230
jackson	23	230
jackson	25	230
jackson	26	230
jackson	52	230
devon	39	230
devon		38
devon		229
devon
mckinleyville	5	230
carlisle	39	230
carlisle		38
lees summit		230
humble	45	230
bellaire		230
hampstead	21	230
hampstead
afton	44	230
chattanooga	44	230
prairie du sac		230
sedro-woolley		230
park rapids	24	230
bonita springs	10	230
yellowhead county		38
midland	23	230
midland	45	230
midland		38
midland
west fargo	35	230
los altos	5	230
los altos
ada	23	230
chapel hill	34	230
chapel hill		13
chapel hill
discovery bay		230
portola valley	5	230
los	5	230
los	49	230
belchertown		230
brier	49	230
westlock		38
westlock
el paso	45	230
new westminster		38
greenwich	7	230
greenwich	33	230
berwyn	14	230
berwyn	39	230
clearfield		230
maryville	44	230
hagerstown	21	230
tokyo		109
norristown	39	230
armstrong		38
armstrong
clarksburg	21	230
clarksburg	39	230
wainwright		38
atlanta	6	230
atlanta	11	230
atlanta		79
atlanta
damascus	38	230
damascus	48	230
hudsonville		230
port angeles wa		230
okotoks		38
okotoks		230
okotoks
big bear city	5	230
oak park	5	230
oak park	14	230
cheshire		229
cheshire		230
saratoga	5	230
saratoga	6	230
caldwell	13	230
issaquah	49	230
issaquah		238
issaquah
holladay	46	230
harvard		230
harvard
cottage grove	38	230
cottage grove	51	230
cottage grove
loretto	39	230
mount prospect	14	230
vail	3	230
vail	6	230
spanish fork	46	230
state college pa		230
calgary, ab		38
calgary, ab
bergen		164
san	5	230
stoughton	23	230
stoughton	51	230
liverpool	33	230
liverpool	39	230
liverpool		229
reseda	5	230
nashua	30	230
st. cloud	24	230
stockton	5	230
stockton
warner	30	230
warner		38
warner
steilacoom	49	230
steilacoom
wayzata	24	230
cuyahoga falls	23	230
cuyahoga falls	36	230
cuyahoga falls	39	230
arroyo grande	5	230
arroyo grande
pacific	26	230
pacific	49	230
cascade	6	230
trail		38
trail		230
walnut	5	230
flower mound	45	230
creswell	38	230
tustin	5	230
tustin
brossard		38
brossard		230
narberth	39	230
mission		38
mission		230
sebastopol	5	230
cave creek	3	230
morrison	6	230
olds		38
olds
welches	38	230
harlingen	45	230
normandy park	49	230
normandy park
plover	51	230
plover
olympic valley	5	230
leawood		230
brookline	22	230
brookline		229
portland, oregon	38	230
yarmouth	20	230
yarmouth
st. catharines		38
sparks	29	230
sparks
covington	18	230
covington	19	230
covington	49	230
spruce grove		38
spruce grove
pennsylvania furnace	39	230
fuquay varina		230
saint louis park	24	230
diamond bar	5	230
ocala	10	230
ocala	22	230
placentia	5	230
picture butte		38
yellowknife		38
yellowknife
rock island	14	230
mammoth lakes	5	230
bloomingdale	14	230
mason city	16	230
forest grove	38	230
lillington	34	230
newmarket	30	230
newmarket		38
st catharines		38
st catharines
münchen		80
colton	5	230
colton
denton	45	230
denton		229
kettering	36	230
garden grove	5	230
garden grove
louisville	6	230
louisville	18	230
louisville		229
louisville
maywood	31	230
saint joseph		230
new rochelle	33	230
drumheller		38
canmore		38
canmore
north port	10	230
north port
vanccouver		230
akron	36	230
morgan	5	230
morgan	46	230
morgan
milpitas	5	230
summerfield		230
cottonwood	5	230
cottonwood	46	230
québec		38
beaver county		38
republic	26	230
university pk	39	230
palmdale		230
south san francisco	5	230
rochelle		230
chino	5	230
anoka	24	230
ripon	5	230
owen sound		38
gibbons		38
richmond hill		38
richmond hill		230
elko	29	230
duluth	11	230
duluth	24	230
simi valley	5	230
grayslake	14	230
medina	49	230
surprise	3	230
erskineville		13
fort wayne	15	230
johnstown	6	230
johnstown	39	230
maumelle	4	230
jamaica	33	230
reykjavík		99
chestermere		38
chestermere
starkville	25	230
rotterdam		154
rotterdam
breckenridge	6	230
cudahy		230
desmoines	16	230
desmoines	49	230
desmoines		229
edison	31	230
willits	5	230
butte	27	230
grove city	36	230
norwich		229
norwich		230
norwich
dacono		230
conroe		230
zephyrhills		230
havertown	39	230
marlborough	22	230
firestone	6	230
burnsville	24	230
eagle river		230
albany	5	230
albany	33	230
albany	38	230
albany
williston park		230
sylmar	5	230
		198
		230
san martin	5	230
san martin		7
moncton		38
moncton
oceanside	5	230
oceanside
milwauke	51	230
san dimas	5	230
buena vista	6	230
redlands	5	230
valparaiso	15	230
white plains	33	230
white plains		238
st george	46	230
southampton	22	230
southampton	33	230
southampton	39	230
southampton		229
mar vista	5	230
prague		57
prague		154
mansfield	22	230
mansfield	36	230
mansfield	45	230
mansfield		229
waterford	23	230
waterford		38
waterford		104
calgary, canada		38
north bethesda	21	230
seattle wa	49	230
vista	5	230
trondheim		164
beltsville	21	230
canmore, ab		38
brighton	6	230
brighton	22	230
brighton	23	230
brighton		229
brighton
helsinki		72
punta gorda	10	230
pasadena	5	230
pasadena	21	230
pasadena	45	230
pasadena
freeland	49	230
san gabriel	5	230
longmont	6	230
longmont
hopkins		230
hopkins
truckee	5	230
atascadero	5	230
heber springs	4	230
placerville	5	230
hoboken	31	230
prince george		38
prince george		230
prince george
south jordan	46	230
south jordan
portage la prairie		38
lafayette	5	230
lafayette	6	230
lafayette	15	230
lafayette	19	230
lafayette	38	230
lafayette
abbotsford	51	230
abbotsford		38
abbotsford
casper	52	230
hesperia	5	230
hesperia	23	230
bryan		230
bryan
erie	6	230
erie	39	230
alsip		230
warriors mark	39	230
c/o bike shop	5	230
bellingham wa	49	230
rimbey		38
rimbey
benicia	5	230
rifle		230
solana beach	5	230
dillon	6	230
leduc		38
leduc
saratoga springs	33	230
saratoga springs	46	230
clayton	5	230
clayton	26	230
clayton	34	230
kennesaw	11	230
wellington	10	230
wellington		38
wellington		157
west hills	5	230
west hills
eden prairie	24	230
lakewood	5	230
lakewood	6	230
lakewood	31	230
lakewood	36	230
lakewood	49	230
lakewood
silver city	32	230
spring hill	10	230
spring hill
andover	22	230
andover	24	230
andover		229
baltimore	21	230
baltimore
morgan hill	5	230
riverdale		230
mcalester	37	230
canon city	6	230
morgantown	39	230
morgantown	50	230
moseley		230
irwin	39	230
northglenn	6	230
northglenn
warrington	39	230
warrington		229
marco island	10	230
fort edward	33	230
frederick	6	230
frederick	21	230
invermere		38
miami	10	230
englewood	6	230
englewood	10	230
englewood
rome	11	230
rome		107
williamsburg	32	230
williamsburg	48	230
williamsburg
lacey	49	230
chicopee	22	230
saint john		38
saint john		230
saint john
oregon	51	230
stone mountain		230
watertown	22	230
watertown	24	230
watertown	33	230
watertown	43	230
lehi	46	230
lehi
granada hills		230
montpelier	47	230
monona	51	230
east palo alto	5	230
parkersburg	50	230
addison	14	230
addison	45	230
asbury park	31	230
luxembourg		127
marysville	5	230
marysville	49	230
magnolia	8	230
magnolia	45	230
magnolia	49	230
deerfield beach	10	230
grapevine	45	230
richmond	5	230
richmond	15	230
richmond	45	230
richmond	47	230
richmond	48	230
richmond		13
richmond		38
richmond		229
richmond
plainfield		230
tukwila	49	230
tukwila		238
derby		229
derby		230
derby
lake country		38
lake country
ladera ranch	5	230
cupertino	5	230
port matilda	39	230
port matilda
clermont	10	230
rancho santa fe	5	230
cheney	49	230
westfield	15	230
westfield	22	230
westfield
berlin	30	230
berlin		80
half moon bay	5	230
half moon bay	34	230
slave lake		38
seatac	49	230
christchurch		157
christchurch		229
christchurch
madison wi		230
denham springs	19	230
stafford	9	230
stafford	33	230
stafford	48	230
stafford		229
stafford
dayton	36	230
dayton
highland	5	230
highland	15	230
highland	21	230
highland	46	230
papillion		230
granite falls	49	230
villa park	14	230
bel air	21	230
bel air	39	230
fort saskatchewan, ab		38
grovetown	11	230
coalhurst		38
coalhurst
preston	11	230
preston	21	230
preston	24	230
preston		229
ottawa	14	230
ottawa		36
ottawa		38
ottawa
grand haven	23	230
laporte		230
hoover	1	230
thomasville		230
madera		230
woodside	33	230
white bear lake	24	230
exeter	30	230
exeter	41	230
exeter		229
carrollton	11	230
carrollton	45	230
las cruces	32	230
las cruces
rowland heights	5	230
tahoma		230
tahoma
north vancouver		38
north vancouver
provo	46	230
sea	49	230
weston	10	230
weston		13
durango	6	230
durango		203
tumwater	49	230
tumwater
seaside	5	230
seaside	38	230
seaside
pendleton		230
queens	33	230
park city	46	230
isla vista	5	230
suisun city	5	230
council bluffs	16	230
st-albert		38
regina		38
regina
poulsbo	49	230
laguna woods	5	230
tiburon	5	230
san mateo	5	230
san mateo
philomath	38	230
coeur d'alene	13	230
dunn loring		230
chestertown	21	230
vallejo	5	230
upper marlboro	21	230
muncie	15	230
fredericton		38
fredericton
brea	5	230
west richland		230
libertyville	14	230
commerce	5	230
commerce	23	230
arcata	5	230
st louis	26	230
troy	14	230
troy	23	230
troy	33	230
rosemount	6	230
rosemount	24	230
allston	22	230
pacific grove	5	230
topeka	17	230
broken arrow	37	230
pinckney	23	230
ooltewah	44	230
springdale	4	230
springdale	46	230
bullhead city	3	230
pinole	5	230
bethel		230
bethel
gatineau		38
gatineau
lutz	10	230
jamul		230
madison, wisconsin		230
la mirada	5	230
woodridge		230
cotati	5	230
district of columbia	9	230
perry	10	230
perry	16	230
wilmington	5	230
wilmington	8	230
wilmington	34	230
vernon	5	38
vernon	5	230
vernon	7	230
vernon	48	38
vernon		38
vernon
hyannis		230
boca raton	10	230
tulsa	37	230
tulsa
georgetown	9	230
georgetown	45	230
georgetown	49	230
georgetown		38
takoma park	21	230
north richland hills	45	230
minden		38
minden		230
wentzville	26	230
sahuarita		230
bloomfield		230
groningen		154
groningen		230
groningen
hailey	13	230
enumclaw	49	230
baker city	38	230
los alamitos	5	230
palm beach gardens	10	230
whitecourt		38
whitecourt
canmore ab		38
bushnell		230
osprey	10	230
boone	16	230
boone	34	230
hot springs village		230
darrington		230
payson		230
w. hollywood		230
waldorf	21	230
lake tapps		230
sparta	44	230
wilmette		230
perkasie	39	230
meadville	39	230
pembroke pines	10	230
pembroke pines
hinsdale	30	230
north bergen		230
woodbury	24	230
sherwood park, alberta		38
summerland	5	230
summerland	10	230
summerland		38
dublin	5	230
dublin	11	230
dublin	36	230
dublin		104
emeryville	5	230
chubbuck	13	230
airway heights	49	230
birmingham	1	230
birmingham	23	230
birmingham		229
fairview	27	230
fairview	34	230
fairview	38	230
fairview	39	230
fairview		38
kernersville		230
san luis obispo	5	230
san luis obispo		231
glen ellyn	14	230
amstelveen	30	154
amstelveen		154
bentonville	4	230
evans	6	230
mesa	3	230
mesa	49	230
mesa		4
mesa		229
phx		4
phx		230
buchanan	23	230
camano island		230
bayside	6	230
canonsburg	39	230
spencer		230
uniontown	39	230
sammamish	49	230
sammamish		229
sammamish
feasterville		230
snowmass	6	230
granite bay	5	230
berkley	23	230
ambler	39	230
oakwood hills		230
roxbury	22	230
wilsonville	38	230
mountlake terrace	49	230
mountlake terrace
laguna niguel	5	230
laguna niguel
hyattsville	9	230
hyattsville	21	230
mt. airy	21	230
whistler		38
whistler		230
chatham		38
chatham		230
chatham
magna	46	230
wesley chapel	10	230
long island city	33	230
brush prairie	38	230
brush prairie	49	230
shafter	5	230
bexley	36	230
bexley		229
voorhees		230
ludington	23	230
sherwood	4	230
sherwood	38	230
sherwood		38
sherwood
schenectady	33	230
winnetka	5	230
winnetka	14	230
woods cross	46	230
perris		230
kelowna, bc		38
wauwatosa	51	230
shreveport	19	230
edm		38
edm
south hadley		230
st. augustine	10	230
lethbridge, alberta		38
tonawanda	33	230
tonawanda
tualatin	38	230
bountiful	46	230
round rock	45	230
stuart		230
revelstoke		38
friday harbor		230
nipomo	5	230
lac la biche		38
culver city	5	230
broussard	19	230
braintree		230
shelby township	23	230
seabeck	49	230
chowchilla	5	230
mound	24	230
edmonton (north capilano)		38
cherry hill	31	230
orleans	19	230
orleans		38
orleans
near vinar system private limited		230
trinity	10	230
cerritos	5	230
lloydminster		38
lloydminster
gibsons		38
st.petersburg	10	230
pottstown	39	230
blairsville		230
fall river	22	230
fall river		38
shorewood	51	230
rancho mirage	5	230
gulfport	10	230
gulfport	25	230
lebanon	26	230
lebanon	31	230
lebanon	38	230
lebanon	39	230
midlothian	48	230
lewes	8	230
monument	6	230
monument
slidell	19	230
sun prairie	51	230
burlingame	5	230
findlay		230
queensbury	33	230
glenview	14	230
mishawaka	15	230
norwood	31	230
norwood		38
lopez island	49	230
lopez island
fredericton, new brunswick		38
manitowoc		230
canyon lake		230
south boston	22	230
port charlotte	10	230
augusta		230
peoria	3	230
peoria	5	230
peoria	14	230
peoria
bielefeld		80
allentown	39	230
onalaska	51	230
danville	5	230
danville	39	230
danville
st cloud	10	230
st cloud	24	230
orting	49	230
homestead	10	230
wiesbaden		80
brampton		38
duvall		230
lake louise		38
brooklyn	5	230
brooklyn	6	230
brooklyn	33	230
brooklyn		38
brooklyn		228
brooklyn
spring mills	39	230
davidson	34	230
davidson
edmoton		38
port moody		38
port moody
edgewater	6	230
edgewater	10	230
edgewater	21	230
edgewater	31	230
framingham	22	230
blacksburg	48	230
blair		230
port orange		230
aloha	38	230
morinville		38
morinville
prior lake		230
fond du lac	51	230
kent	36	230
kent	49	230
kent		229
kent
albert lea	24	230
bethel park	39	230
excelsior	24	230
pincher creek		38
leeds		229
leeds		230
north ogden	46	230
fort walton beach		230
west vancouver		38
west vancouver
west mifflin	39	230
levittown	33	230
levittown	39	230
comox		38
comox
mount dora	10	230
sac		230
bridgeport	7	230
bridgeport	39	230
bridgeport
mercer island	49	230
herriman	46	230
riverton	46	230
moorpark		230
newark	5	230
newark	8	230
newark	31	230
newark	36	230
newark		229
newark
colleyville		230
temecula	5	230
temecula
gastonia	34	230
burlington	22	230
burlington	31	230
burlington	34	230
burlington	47	230
burlington	49	230
burlington		38
burlington
basel		210
hou		230
three hills		38
annandale	48	230
annandale		13
westminster	5	230
westminster	6	230
westminster	21	230
westminster
sun valley	5	230
orange	5	230
orange	45	230
orange
coventry	41	230
coventry		229
canby	38	230
canby
lagrange		230
linden	23	230
linden		38
ballston spa	39	230
west palm beach	10	230
morrisville	34	230
morrisville	39	230
clyde hill	49	230
kearns	46	230
estero		230
lombard	14	230
banff		38
banff
fruita	6	230
camas	49	230
neptune	31	230
royal oak	23	230
brick	31	230
doylestown	39	230
cedar hills		230
stevenson		230
bristol	44	230
bristol	47	230
bristol	48	230
bristol		229
bristol
ridgway		230
chichester		229
chichester		230
dekalb	14	230
hartford		230
roxborough		230
newberg	38	230
st. john's		38
st. john's
shoreview	24	230
westerville	36	230
lone tree	6	230
crawfordville		230
guilford	22	230
guilford	34	230
plantation	10	230
sheboygan	51	230
olalla	49	230
olalla		4
venice beach		230
oroville	5	230
carbondale	6	230
carbondale	14	230
carbondale	39	230
whitefish	27	230
whitefish	51	230
wilson	34	230
wilson	51	230
los altos hills	5	230
los altos hills
newburgh	15	230
newburgh	33	230
urbandale	16	230
kalispell	27	230
lakewood ranch	10	230
palatine	14	230
palatine	49	230
slc	46	230
goleta	5	230
goleta
falmouth	20	230
falmouth	22	230
delmar	33	230
lorton	48	230
freeport	14	230
freeport	33	230
freeport	39	230
freeport	45	230
waxahachie		230
natick	22	230
athens	11	230
athens	36	230
athens		83
athens		229
barre	47	230
battle ground	49	230
prospect	18	230
layton	46	230
antelope	5	230
antelope
north mankato	6	230
north mankato	24	230
swansea		229
swansea		230
northbrook		230
south miami	10	230
lisboa		176
coos bay	38	230
coos bay
oak harbor	49	230
wheat ridge	6	230
turlock	5	230
caroline		38
st. george	46	230
eagan	24	230
lampang		215
lampang
draper	46	230
brussels		21
converse		230
fredonia		230
imperial beack		230
huntington	5	230
huntington	50	230
sherwood park, ab		38
west hartford	6	230
west hartford	7	230
medicine hat, ab		38
leland	34	230
vancouver, bc		38
king city	38	230
sudbury		38
schaumburg		230
apex	34	230
middletown	7	230
middletown	8	230
middletown	21	230
middletown	33	230
middletown	36	230
middletown	39	230
middletown
innisfail		38
winter springs		230
harleysville	39	230
harleysville
lancaster	5	230
lancaster	36	230
lancaster	39	230
lancaster		229
telluride	6	230
kenmore	33	230
kenmore	49	230
westlake village	5	230
fitchburg	51	230
fox point	51	230
marietta	11	230
marietta	36	230
marietta	42	230
bennington		230
bennington
falls church	48	230
incline village		230
houghton lake	23	230
calagry		38
calagry
gardnerville		230
avon	6	230
avon	7	230
avon	15	230
avon	36	230
edmonton, alberta, canada		38
pacific city		230
budapest		98
yuma	3	230
oak grove	38	230
casselberry		230
brooks		38
brooks
berwyn heights	21	230
den bommel		154
shelby	34	230
terrebonne	38	230
chaska	24	230
aachen		80
hanahan		230
gladstone	26	230
jonesborough		230
cardiff	5	230
cardiff		229
cornelius	34	230
cornelius	38	230
oakdale	24	230
orillia		38
calmar		38
greenville	34	230
greenville	42	230
greenville	51	230
sagle		230
sagle
huntingdon valley	39	230
sunriver	38	230
tucker		230
delhi	5	230
delhi		100
edwardsville		230
ventura	5	230
ventura	6	230
ventura
la porte	45	230
malvern	39	230
coronado	5	230
coronado
zapopan		141
hempstead		230
ypsilanti	23	230
cardston		38
scranton	39	230
depew	33	230
north liberty	16	230
north liberty
hackensack	31	230
davie	10	230
newtown	39	230
newtown		13
soap lake		230
charlestown	22	230
victorville	5	230
elma	33	230
elma	49	230
manitou springs	6	230
cornwall		38
cornwall		230
eden		230
santa paula		230
grand blanc		230
moultonborough		230
roslindale	22	230
edwards	6	230
bensalem	39	230
jefferson	19	230
jefferson	21	230
mclean	48	230
bellefonte	39	230
blue bell	39	230
durham	5	230
durham	30	230
durham	34	230
durham		229
durham
pflugerville	45	230
greenwood	4	230
greenwood	15	230
painesville	36	230
frankfurt		80
mount vernon	33	230
mount vernon	49	230
mount vernon
la crosse	51	226
la crosse	51	230
westwood village		230
cheverly	21	230
bowie		230
antioch	5	230
antioch	44	230
granbury		230
safety harbor		230
sandiego	5	230
azusa		230
belton	45	230
ewa beach	12	230
flemington		230
orinda	5	230
maricopa	3	230
sterling heights		230
casa grande	3	230
xenia	36	230
greenacres	49	230
modesto	5	230
modesto
blairmore		38
blairmore
lincoln city	38	230
beverly hills	5	230
beverly hills	10	230
beverly hills	23	230
greer	42	230
lecanto		230
piedmont	5	230
holmes beach	10	230
holmes beach
miramar	10	230
north bend	6	230
north bend	38	230
north bend	49	230
port st. lucie	10	230
ca		38
ca		230
greenbelt	21	230
moose jaw		38
ocean view	8	230
ocean view	31	230
hamden		230
bratislava		197
bratislava		230
ellensburg	49	230
edmotnon		38
oakley	5	230
allen	23	230
allen	45	230
gilbert	3	230
gilbert	16	230
idaho falls	13	230
holly hill	10	230
northridge	5	230
lakeway	45	230
beaufort	42	230
fircrest	49	230
centralia	49	230
sunrise	10	230
lititz	39	230
fargo	35	230
carstairs		38
blackfalds		38
blackfalds
haarlem	30	154
haarlem		154
east providence	41	230
little rock	4	230
little rock
el cajon	5	230
wausau	51	230
south bend	15	230
pittsfield	22	230
batavia	33	230
bella vista	4	230
collingswood		230
grande cache		38
sioux city	16	230
londonderry	30	230
lake orion	23	230
league city	45	230
new bedford	22	230
mt shasta		230
glendale	3	230
glendale	5	230
glendale	6	230
glendale	33	230
glendale	38	230
glendale	51	230
glendale
benton	4	230
whitefish bay	51	230
fort washington	22	230
köln		80
williamsport	39	230
pensacola	10	230
fairfax station	48	230
copenhagen		58
copenhagen		230
cagary		38
brookeville	21	230
grand canyon	3	230
land o' lakes	10	230
tyrone	39	230
el mirage	3	230
barberton	36	230
vernon, bc		38
vernon, bc
new	19	230
new	33	230
springville	46	230
valleyford	49	230
sisters	38	230
abilene		230
playa vista	5	230
haddonfield	31	230
haddonfield
cheyenne	52	230
utrecht	46	154
utrecht		154
utrecht		230
hurst	45	230
mendota heights	24	230
queen creek	3	230
essex junction	47	230
berkeley ca	5	230
scotts valley	5	230
winona	24	230
waynesboro		230
rhinelander	51	230
watsonville	5	230
watsonville
stevensville		230
lethbridg		38
zagreb		54
cochrane, ab		38
cork		104
paducah	18	230
diemen	30	154
diemen		154
north babylon		230
malden	22	230
amherst	22	230
amherst	30	230
amherst	33	230
amherst
missoula	27	230
missoula
skopje		129
mapleton		230
brooklyn park		230
silverthorne	6	230
cocoa beach	10	230
santa rosa beach	10	230
wetaskiwin		38
ponte vedra	10	230
bedford	45	230
bedford		38
bedford		229
bedford		238
bedford
ormond beach	10	230
cincinnati	36	230
cincinnati
frankfurt am main		80
ashburn	48	230
reading	39	230
reading		229
kenner	19	230
king george		230
madison	1	230
madison	7	230
madison	15	230
madison	25	230
madison	31	230
madison	44	230
madison	51	230
madison
maputo		149
van	5	230
van		222
boerne	45	230
lee's summit	26	230
hurricane	46	230
hurricane	50	230
camp hill	39	230
camp hill		13
swampscott	6	230
swampscott	22	230
basalt	6	230
ballard	49	230
dubuque	16	230
dubuque
vineyard	46	230
vineyard
kingsport	44	230
fresno	5	230
fresno	6	230
fresno	45	230
fresno
carmichael	5	230
bangkok		214
bangkok		215
bangkok
florham park	31	230
palm city		230
dearborn	23	230
hilton head island		230
veneta	38	230
sf	5	230
logan	46	230
west chester	36	230
west chester	39	230
red deer, alberta		38
portsmouth	30	230
portsmouth	36	230
portsmouth	48	230
portsmouth		229
portsmouth
rockford	14	230
rockford	23	230
rockford	24	230
ames	16	230
ames
urbana	14	230
la conner		230
dunnellon		230
coppell	45	230
arden	34	230
carmel valley	5	230
annapolis	21	230
west seattle	49	230
cameron park	5	230
la crescenta		230
north highlands	5	230
newton	22	230
newton	34	230
newton
mount pleasant	16	230
mount pleasant	23	230
mount pleasant	42	230
harrison		230
spruce grove ab		38
new brunswick	31	230
dresden		58
dresden		80
dresden		230
florence	1	230
florence	5	230
florence	6	230
florence	18	230
florence	22	230
florence	27	230
florence	38	230
florence		107
odessa	10	230
skiatook		230
tuscaloosa	1	230
fortuna	5	230
elmira	33	230
elmira		38
cleveland heights	36	230
noblesville	15	230
